First Model Name,Second Model Name,t,p,% Chance First Better,% Chance Second Better
ET,RF,5.62,3.5004484007718525e-07,100.0,0.0
ET,DT,6.34,2.4212895281304955e-08,100.0,0.0
ET,Linear,14.19,3.625130641393961e-20,100.0,0.0
RF,DT,4.93,4.044998912802551e-06,100.0,0.0
RF,Linear,13.96,7.465154419289823e-20,100.0,0.0
DT,Linear,6.48,1.4147261075421377e-08,100.0,0.0
