First Model Name,Second Model Name,t,p,% Chance First Better,% Chance Second Better
ET,RF,5.52,5.030512261678309e-07,100.0,0.0
ET,DT,6.51,1.296572994197593e-08,100.0,0.0
ET,Linear,14.33,2.4259206247504957e-20,100.0,0.0
RF,DT,4.73,8.324291371582181e-06,99.99,0.010000000000005116
RF,Linear,13.79,1.2277431053142415e-19,100.0,0.0
DT,Linear,6.49,1.3630371945612957e-08,100.0,0.0
