First Model Name,Second Model Name,t,p,% Chance First Better,% Chance Second Better
ET,RF,4.83,5.738865675775865e-06,99.99,0.010000000000005116
ET,DT,6.36,2.2267181930275704e-08,100.0,0.0
ET,Linear,14.03,5.975286011964761e-20,100.0,0.0
RF,DT,4.78,7.033825079867369e-06,99.99,0.010000000000005116
RF,Linear,13.91,8.589227389413039e-20,100.0,0.0
DT,Linear,6.11,5.705658469661705e-08,100.0,0.0
