First Model Name,Second Model Name,t,p,% Chance First Better,% Chance Second Better
ET,RF,6.69,6.491627401127414e-09,100.0,0.0
ET,DT,7.71,1.4341724571586732e-10,100.0,0.0
ET,Linear,15.04,2.9941989946230035e-21,100.0,0.0
RF,DT,5.31,1.0603158287840714e-06,100.0,0.0
RF,Linear,14.77,6.531941153912533e-21,100.0,0.0
DT,Linear,6.56,1.0775014683421011e-08,100.0,0.0
