First Model Name,Second Model Name,t,p,% Chance First Better,% Chance Second Better
ET,RF,6.41,1.89459210614142e-08,100.0,0.0
ET,DT,6.57,1.0401816761502308e-08,100.0,0.0
ET,Linear,13.85,1.0399210574546963e-19,100.0,0.0
RF,DT,4.45,2.1576265377105275e-05,99.99,0.010000000000005116
RF,Linear,14.29,2.678908824589292e-20,100.0,0.0
DT,Linear,5.57,4.108946445482321e-07,100.0,0.0
