First Model Name,Second Model Name,t,p,% Chance First Better,% Chance Second Better
ET,RF,1.19,0.11993712631343158,87.54,12.459999999999994
ET,DT,2.44,0.009103008525721422,98.76,1.2399999999999949
ET,Linear,11.63,1.67461376492643e-16,100.0,0.0
RF,DT,2.1,0.02012701397825745,97.55,2.450000000000003
RF,Linear,10.58,5.622802433719543e-15,100.0,0.0
DT,Linear,9.85,7.053760456250074e-14,100.0,0.0
