First Model Name,Second Model Name,t,p,% Chance First Better,% Chance Second Better
ET,RF,2.68,0.004921050092489341,99.26,0.7399999999999949
ET,DT,2.09,0.02062189280672176,97.49,2.510000000000005
ET,Linear,8.7,4.367024354242643e-12,100.0,0.0
RF,DT,0.94,0.17609065509167116,82.01,17.989999999999995
RF,Linear,6.87,3.607712802665968e-09,100.0,0.0
DT,Linear,5.69,2.792548459049065e-07,100.0,0.0
