First Model Name,Second Model Name,t,p,% Chance First Better,% Chance Second Better
ET,RF,1.17,0.12373454266471968,87.17,12.829999999999998
ET,DT,2.35,0.011192736165599518,98.52,1.480000000000004
ET,Linear,11.65,1.5490153869347963e-16,100.0,0.0
RF,DT,1.83,0.03631954684540109,95.86,4.140000000000001
RF,Linear,10.83,2.384542334890388e-15,100.0,0.0
DT,Linear,9.6,1.724284706747794e-13,100.0,0.0
