First Model Name,Second Model Name,t,p,% Chance First Better,% Chance Second Better
ET,RF,1.21,0.11660787188156703,87.87,12.129999999999995
ET,DT,2.07,0.021895254371923786,97.36,2.6400000000000006
ET,Linear,11.44,3.060204511367671e-16,100.0,0.0
RF,DT,1.58,0.06020148687592313,93.45,6.549999999999997
RF,Linear,10.68,3.971465571364606e-15,100.0,0.0
DT,Linear,9.59,1.7816131856058056e-13,100.0,0.0
