First Model Name,Second Model Name,t,p,% Chance First Better,% Chance Second Better
ET,RF,2.47,0.008325368115807363,98.85,1.1500000000000057
ET,DT,1.8,0.03859334978276887,95.63,4.3700000000000045
ET,Linear,8.3,1.8630171490866643e-11,100.0,0.0
RF,DT,0.55,0.2926620424186459,70.53,29.47
RF,Linear,6.78,5.066591073500162e-09,100.0,0.0
DT,Linear,6.08,6.83996230440582e-08,100.0,0.0
