First Model Name,Second Model Name,t,p,% Chance First Better,% Chance Second Better
ET,RF,1.18,0.1215960566171933,87.38,12.620000000000005
ET,DT,1.96,0.02741793117997604,96.78,3.219999999999999
ET,Linear,11.74,1.1483649104301093e-16,100.0,0.0
RF,DT,1.74,0.04426956698903811,95.05,4.950000000000003
RF,Linear,10.82,2.4930274488718037e-15,100.0,0.0
DT,Linear,9.85,7.090461373186408e-14,100.0,0.0
