First Model Name,Second Model Name,t,p,% Chance First Better,% Chance Second Better
ET,RF,2.42,0.009519684923596798,98.71,1.2900000000000063
ET,DT,2.61,0.0058014491135308655,99.15,0.8499999999999943
ET,Linear,8.34,1.5886842616890317e-11,100.0,0.0
RF,DT,1.44,0.07782437544748196,91.7,8.299999999999997
RF,Linear,6.72,6.407185934152835e-09,100.0,0.0
DT,Linear,5.25,1.3570879553396767e-06,100.0,0.0
