First Model Name,Second Model Name,t,p,% Chance First Better,% Chance Second Better
ET,RF,2.75,0.004058469797152302,99.36,0.6400000000000006
ET,DT,2.23,0.015175327831303017,98.08,1.9200000000000017
ET,Linear,8.56,7.1259133180165464e-12,100.0,0.0
RF,DT,1.04,0.1524046484992761,84.34,15.659999999999997
RF,Linear,6.85,3.861194816889307e-09,100.0,0.0
DT,Linear,6.47,1.6180164571766307e-08,100.0,0.0
