first_model_name,second_model_name,t_value,p_value,first_better_probability,second_better_probability
Decision Tree,Random Forest,4.535984135458179,1.616101931814011e-05,0.9998870162623377,0.00011298373766233105
Decision Tree,Extra Trees,-1.0871653734828726,0.14089633040849073,0.1452818445860834,0.8547181554139166
Random Forest,Extra Trees,-5.569379664526175,4.138804858104083e-07,1.1326933818001095e-05,0.999988673066182
